SG,Tumor1,Tumor2,Kidneys,Total Body,time
0.059948,0.027046,0.024139,0.588230,8.273618,39.8
0.124351,0.019229,0.027046,0.510292,5.882302,178.2
0.081956,0.010485,0.030017,0.323808,1.941180,1197.2
0.042622,0.005610,0.019412,0.197832,1.019132,2646.4
0.023022,0.003663,0.014065,0.088410,0.359381,4107.1